Empresa,Região/Pais,Link,Presente_na_Super_Store
7-Eleven,JapanUnited States,https://en.wikipedia.org/wiki/7-Eleven,Não
Aeon,Japan,https://en.wikipedia.org/wiki/AEON_(company),Sim
Ahold Delhaize,Netherlands,https://en.wikipedia.org/wiki/Ahold_Delhaize,Sim
Aldi Nord,Germany,https://en.wikipedia.org/wiki/Aldi_Nord,Sim
Aldi Süd,Germany,https://en.wikipedia.org/wiki/Aldi_S%C3%BCd,Sim
Aldi,Germany (Süd and Nord),https://en.wikipedia.org/wiki/Aldi,Não
Edeka,Germany,https://en.wikipedia.org/wiki/Edeka,Sim
Extra,Germany,https://en.wikipedia.org/wiki/Extra_(supermarket),Sim
Tengelmann Group,Germany,https://en.wikipedia.org/wiki/Tengelmann_Group,Sim
Minimal,Germany,https://en.wikipedia.org/wiki/Minimal_(supermarket),Sim
Auchan,France,https://en.wikipedia.org/wiki/Auchan,Sim
Big C,Thailand,https://en.wikipedia.org/wiki/Big_C,Sim
Billa,Austria,https://en.wikipedia.org/wiki/Billa_(supermarket),Sim
BİM,Turkey,https://en.wikipedia.org/wiki/Bim_(company),Sim
Carrefour,France,https://en.wikipedia.org/wiki/Carrefour,Sim
Champion,France,https://en.wikipedia.org/wiki/Champion_(supermarket),Sim
Casino,France,https://en.wikipedia.org/wiki/Groupe_Casino,Sim
CBA,Hungary,https://en.wikipedia.org/wiki/CBA_(food_retail),Sim
Cencosud,Chile,https://en.wikipedia.org/wiki/Cencosud,Sim
Chedraui,Mexico,https://en.wikipedia.org/wiki/Chedraui,Sim
Conad,Italy,https://en.wikipedia.org/wiki/Conad,Sim
Co-op Atlantic,Atlantic Canada,https://en.wikipedia.org/wiki/Co-op_Atlantic,Não
Coop amba,Denmark,https://en.wikipedia.org/wiki/Coop_amba,Sim
Coop Hungary,Hungary,https://en.wikipedia.org/wiki/Coop_(Hungary),Sim
Coop Italia,Italy,https://en.wikipedia.org/wiki/Coop_(Italy),Sim
Coop Nederlands,Netherlands,https://en.wikipedia.org/wiki/Coop_(Netherlands),Sim
Coop Norge,Norway,https://en.wikipedia.org/wiki/Coop_Norge,Sim
Coop (Puerto Rico),Puerto Rico,https://en.wikipedia.org/wiki/COOP_(Puerto_Rico),Não
Coop (Sweden),Sweden,https://en.wikipedia.org/wiki/Coop_(Sweden),Sim
Co-op Food,United Kingdom,https://en.wikipedia.org/wiki/Co-op_Food,Sim
Coop,Switzerland,https://en.wikipedia.org/wiki/Coop_(Switzerland),Sim
Cora,France,https://en.wikipedia.org/wiki/Cora_(hypermarket),Sim
Costco,United States,https://en.wikipedia.org/wiki/Costco,Sim
Crai,Italy,https://en.wikipedia.org/wiki/Crai_(supermarket),Sim
Denner,Switzerland,https://en.wikipedia.org/wiki/Denner_(supermarkets),Sim
Dunnes,Ireland,https://en.wikipedia.org/wiki/Dunnes_Stores,Sim
Leclerc,France,https://en.wikipedia.org/wiki/E.Leclerc,Sim
Géant Casino,France,https://en.wikipedia.org/wiki/G%C3%A9ant_Casino,Sim
Dominick's,United States,https://en.wikipedia.org/wiki/Dominick%27s,Sim
e-mart,South Korea,https://en.wikipedia.org/wiki/E-mart,Sim
Eataly,Italy,https://en.wikipedia.org/wiki/Eataly,Sim
EuroSpin,Italy,https://en.wikipedia.org/wiki/EuroSpin,Sim
Famila,Germany,https://en.wikipedia.orghttps://de.wikipedia.org/wiki/Famila,Sim
FamilyMart,Japan,https://en.wikipedia.org/wiki/FamilyMart,Sim
Four Square supermarkets,New Zealand,https://en.wikipedia.org/wiki/Four_Square_supermarkets,Sim
H-E-B,United States,https://en.wikipedia.org/wiki/H-E-B,Sim
Intermarché,France,https://en.wikipedia.org/wiki/Intermarch%C3%A9,Sim
Isetan,Japan,https://en.wikipedia.org/wiki/Isetan,Sim
Ito-Yokado,Japan,https://en.wikipedia.org/wiki/Ito-Yokado,Sim
Jeronimo Martins,Portugal,https://en.wikipedia.org/wiki/Jeronimo_Martins,Sim
JUSCO,Japan,https://en.wikipedia.org/wiki/JUSCO,Sim
Kaufland,Germany,https://en.wikipedia.org/wiki/Kaufland,Sim
Kesko,Finland,https://en.wikipedia.org/wiki/Kesko,Sim
Konzum,Croatia,https://en.wikipedia.org/wiki/Konzum,Sim
Lidl,Germany,https://en.wikipedia.org/wiki/Lidl,Sim
Lotte Mart,South Korea,https://en.wikipedia.org/wiki/Lotte_Mart,Sim
Lulu Hypermarket,United Arab Emirates,https://en.wikipedia.org/wiki/Lulu_Hypermarket,Sim
Makro (SHV Holdings),,https://en.wikipedia.org/wiki/Makro,Não
Makro (CP All),Thailand,https://en.wikipedia.org/wiki/Makro,Sim
Maxima Group,Lithuania,https://en.wikipedia.org/wiki/Maxima_Group,Sim
Maxvalu Tokai,Japan,https://en.wikipedia.org/wiki/Maxvalu_Tokai,Sim
Meny,Norway,https://en.wikipedia.org/wiki/Meny,Sim
Mercator,Slovenia,https://en.wikipedia.org/wiki/Mercator_(retail),Sim
Mercator-S,Serbia,https://en.wikipedia.org/wiki/Mercator_Serbia,Não
Metro,Germany,https://en.wikipedia.org/wiki/Metro_Cash_and_Carry,Sim
Migros,Switzerland,https://en.wikipedia.org/wiki/Migros,Sim
Migros Türk,Turkey,https://en.wikipedia.org/wiki/Migros_T%C3%BCrk,Sim
MPreis,Austria,https://en.wikipedia.orghttps://de.wikipedia.org/wiki/MPreis,Sim
Netto,Denmark,https://en.wikipedia.org/wiki/Netto_(store),Sim
Netto UK,United Kingdom,https://en.wikipedia.org/wiki/Netto_UK,Sim
Netto (Les Mousquetaires),France,https://en.wikipedia.org/wiki/Netto_(Les_Mousquetaires),Sim
Netto Marken-Discount,Germany,https://en.wikipedia.org/wiki/Netto_Marken-Discount,Sim
Northern,Canada,https://en.wikipedia.org/wiki/The_North_West_Company,Sim
PARKnSHOP,Hong Kong,https://en.wikipedia.org/wiki/ParknShop,Sim
Parkson,Malaysia,https://en.wikipedia.org/wiki/Parkson,Sim
Penny,Germany,https://en.wikipedia.org/wiki/Penny_(supermarket),Sim
Prisma,Finland,https://en.wikipedia.org/wiki/S_Group#Supermarkets,Sim
REMA 1000,Norway,https://en.wikipedia.org/wiki/REMA_1000,Sim
Rimi Baltic,Latvia,https://en.wikipedia.org/wiki/Rimi_Baltic,Não
Selex,Italy,https://en.wikipedia.orghttps://it.wikipedia.org/wiki/Selex,Sim
Selgros,Germany,https://en.wikipedia.org/wiki/Selgros,Sim
SISA,Italy,https://en.wikipedia.orghttps://it.wikipedia.org/wiki/SISA_(azienda),Sim
SPAR,Netherlands,https://en.wikipedia.org/wiki/Spar_(retailer),Sim
Stockmann,Finland,https://en.wikipedia.org/wiki/Stockmann,Sim
SuperValu,Canada,https://en.wikipedia.org/wiki/SuperValu_(Canada),Sim
SuperValu,Ireland,https://en.wikipedia.org/wiki/SuperValu_(Ireland),Sim
SuperValu,United States,https://en.wikipedia.org/wiki/SuperValu_(United_States),Sim
SuperValue,New Zealand,https://en.wikipedia.org/wiki/SuperValue,Sim
Tesco,United Kingdom,https://en.wikipedia.org/wiki/Tesco,Sim
Tía SA,Ecuador,https://en.wikipedia.org/wiki/T%C3%ADa_SA,Sim
TF Value Mart,Malaysia,https://en.wikipedia.org/w/index.php?title=TF_Value_Mart&action=edit&redlink=1,Sim
Veropoulos,Greece,https://en.wikipedia.org/wiki/Veropoulos,Não
Walmart,United States,https://en.wikipedia.org/wiki/Walmart,Sim
Wellcome,Hong Kong,https://en.wikipedia.org/wiki/Wellcome,Sim
Whole Foods Market,United States,https://en.wikipedia.org/wiki/Whole_Foods_Market,Sim
Woolworths Supermarkets,Australia,https://en.wikipedia.org/wiki/Woolworths_Supermarkets,Sim
A&P,United States,https://en.wikipedia.org/wiki/A%26P,Sim
Albertsons,United States,https://en.wikipedia.org/wiki/Albertsons,Sim
Barber's Super Market,United States,https://en.wikipedia.org/w/index.php?title=Barber%27s_Super_Market&action=edit&redlink=1,Sim
BI-LO,United States,https://en.wikipedia.org/wiki/BI-LO_(United_States),Sim
BI-LO,Australia,https://en.wikipedia.org/wiki/Bi-Lo_(Australia),Sim
Byerly's,United States,https://en.wikipedia.org/wiki/Lunds_%26_Byerlys,Sim
Cub,United States,https://en.wikipedia.org/wiki/Cub_(supermarket),Sim
Remke Markets,United States,https://en.wikipedia.org/wiki/Remke_Markets,Sim
Giant Food Stores,United States,https://en.wikipedia.org/wiki/The_Giant_Company,Sim
Grand Union,United States,https://en.wikipedia.org/wiki/Grand_Union_(supermarket),Sim
Food City,United States,https://en.wikipedia.org/wiki/Food_City_(K-VA-T),Sim
Food Lion,United States,https://en.wikipedia.org/wiki/Food_Lion,Sim
FOODWAY Discount Foods,United States,https://en.wikipedia.org/w/index.php?title=FOODWAY_Discount_Foods&action=edit&redlink=1,Sim
Ingles,United States,https://en.wikipedia.org/wiki/Ingles,Sim
Jewel,United States,https://en.wikipedia.org/wiki/Jewel-Osco,Sim
Kohl's,United States,https://en.wikipedia.org/wiki/Kohl%27s,Sim
Kowalski's,United States,https://en.wikipedia.org/wiki/Kowalski%27s_Markets,Sim
Kroger,United States,https://en.wikipedia.org/wiki/Kroger,Sim
Piggly Wiggly,United States,https://en.wikipedia.org/wiki/Piggly_Wiggly,Sim
Safeway,United States,https://en.wikipedia.org/wiki/Safeway,Sim
Winn-Dixie,United States,https://en.wikipedia.org/wiki/Winn-Dixie,Sim
Dominion,Canada,https://en.wikipedia.org/wiki/Dominion_Stores,Sim
Sobey's,Canada,https://en.wikipedia.org/wiki/Sobeys,Sim
Real Canadian Superstore,Canada,https://en.wikipedia.org/wiki/Real_Canadian_Superstore,Sim
Provigo,Canada,https://en.wikipedia.org/wiki/Provigo,Sim
IGA,United States,https://en.wikipedia.org/wiki/IGA_(supermarkets),Sim
IGA (Australia),Australia,https://en.wikipedia.org/wiki/IGA_Supermarkets_(Australia),Sim
Metro,Canada,https://en.wikipedia.org/wiki/Metro_Inc.,Sim
Maxi (Canada),Canada,https://en.wikipedia.org/wiki/Maxi_(Canadian_supermarket),Sim
Maxi (Serbia),Serbia,https://en.wikipedia.org/wiki/Maxi_(Serbian_supermarket),Não
ICA Gruppen,Sweden,https://en.wikipedia.org/wiki/ICA_Gruppen,Sim
Norma,Germany,https://en.wikipedia.org/wiki/Norma_(supermarket),Sim
PLUS,Netherlands,https://en.wikipedia.org/wiki/PLUS_(Dutch_supermarket),Sim
Plus,Germany,https://en.wikipedia.org/wiki/Plus_(German_supermarket),Sim
Ahold,Netherlands,https://en.wikipedia.org/wiki/Ahold,Sim
Ahold,Netherlands,https://en.wikipedia.org/wiki/Ahold,Sim
Coopérative U,France,https://en.wikipedia.org/wiki/Coop%C3%A9rative_U,Sim
Konsum,Germany,https://en.wikipedia.org/wiki/Konsum_(East_Germany),Sim
Kooperativa Förbundet,Sweden,https://en.wikipedia.org/wiki/Kooperativa_F%C3%B6rbundet,Sim
ASDA,United Kingdom,https://en.wikipedia.org/wiki/ASDA,Sim
Budgens,United Kingdom,https://en.wikipedia.org/wiki/Budgens,Sim
Happy Shopper,United Kingdom,https://en.wikipedia.org/wiki/Happy_Shopper,Sim
Marks & Spencer,United Kingdom,https://en.wikipedia.org/wiki/Marks_%26_Spencer,Sim
Victor Value,United Kingdom,https://en.wikipedia.org/wiki/Victor_Value,Sim
Sainsbury's,United Kingdom,https://en.wikipedia.org/wiki/Sainsbury%27s,Sim
Waitrose,United Kingdom,https://en.wikipedia.org/wiki/Waitrose,Sim
Ralphs,United States,https://en.wikipedia.org/wiki/Ralphs,Sim
Smith's Food and Drug,United States,https://en.wikipedia.org/wiki/Smith%27s_Food_and_Drug,Sim
Vons,United States,https://en.wikipedia.org/wiki/Vons,Sim
Morrisons,United Kingdom,https://en.wikipedia.org/wiki/Morrisons,Sim
Colruyt,Belgium,https://en.wikipedia.org/wiki/Colruyt_(supermarket),Sim
GB,Belgium,https://en.wikipedia.org/wiki/GB_(supermarket),Sim
Ed,France,https://en.wikipedia.org/wiki/Ed_(supermarket),Sim
Leader Price,France,https://en.wikipedia.org/wiki/Leader_Price,Sim
Franprix,France,https://en.wikipedia.org/wiki/Franprix,Sim
Inno,Belgium,https://en.wikipedia.org/wiki/Galeria_Inno,Sim
Monoprix,France,https://en.wikipedia.org/wiki/Monoprix,Sim
Système U,France,https://en.wikipedia.org/wiki/Syst%C3%A8me_U,Sim
Uniprix,Canada,https://en.wikipedia.org/wiki/Uniprix,Sim
Rainbow Foods,United States,https://en.wikipedia.org/wiki/Rainbow_Foods,Sim
Fry's Food and Drug,United States,https://en.wikipedia.org/wiki/Fry%27s_Food_and_Drug,Sim
Amigo,Puerto Rico,https://en.wikipedia.org/wiki/Amigo_Supermarkets,Não
Econo,Puerto Rico,https://en.wikipedia.org/wiki/Supermercados_Econo,Não
Obs,Norway,https://en.wikipedia.org/wiki/Obs_(Coop),Sim
Bilka,Denmark,https://en.wikipedia.org/wiki/Bilka,Sim
Pueblo,Uruguay,https://en.wikipedia.org/wiki/Pueblo_Supermarkets,Sim
Safeway UK,United Kingdom,https://en.wikipedia.org/wiki/Safeway_(UK),Sim
Lucky Stores,United States,https://en.wikipedia.org/wiki/Lucky_Stores,Sim
Kwik Save,United Kingdom,https://en.wikipedia.org/wiki/Kwik_Save,Sim
Somerfield,United Kingdom,https://en.wikipedia.org/wiki/Somerfield,Sim
Co-op,United Kingdom,https://en.wikipedia.org/wiki/Co-op,Sim
Save-Mart,United States,https://en.wikipedia.org/wiki/Save_Mart_Supermarkets,Sim
Super de Boer,Netherlands,https://en.wikipedia.org/wiki/Super_de_Boer,Sim
Kmart,United States,https://en.wikipedia.org/wiki/Kmart,Sim
Carrs-Safeway,United States,https://en.wikipedia.org/wiki/Carrs-Safeway,Sim
Genuardi's,United States,https://en.wikipedia.org/wiki/Genuardi%27s,Sim
Pavilions,United States,https://en.wikipedia.org/wiki/Pavilions_(supermarket),Sim
Randalls,United States,https://en.wikipedia.org/wiki/Randalls,Sim
Tom Thumb,United States,https://en.wikipedia.org/wiki/Tom_Thumb_(grocery_store),Sim
Farmer Jack,United States,https://en.wikipedia.org/wiki/Farmer_Jack,Sim
Meijer,United States,https://en.wikipedia.org/wiki/Meijer,Sim
Spartan Stores,United States,https://en.wikipedia.org/wiki/SpartanNash,Sim
Iceland,United Kingdom,https://en.wikipedia.org/wiki/Iceland_(supermarket),Sim
FoodLand,United States,https://en.wikipedia.org/wiki/FoodLand,Sim
Foodland,Australia,https://en.wikipedia.org/wiki/Foodland_(South_Australia),Sim
Romeo's Retail Group,Australia,https://en.wikipedia.org/wiki/Foodland_(South_Australia)#Romeo's_Retail_Group,Sim
Foodland Hawaii,United States,https://en.wikipedia.org/wiki/Foodland_Hawaii,Sim
Foodland Ontario,Canada,https://en.wikipedia.org/wiki/Foodland_Ontario,Sim
Foodland (Thailand),Thailand,https://en.wikipedia.org/wiki/Foodland_(Thailand),Sim
Loblaws,Canada,https://en.wikipedia.org/wiki/Loblaws,Sim
Loeb,Canada,https://en.wikipedia.org/wiki/Loeb_(supermarket),Sim
Stater Bros.,United States,https://en.wikipedia.org/wiki/Stater_Bros.,Sim
Bashas',United States,https://en.wikipedia.org/wiki/Bashas%27,Sim
QFC,United States,https://en.wikipedia.org/wiki/QFC,Sim
Raley's Supermarkets,United States,https://en.wikipedia.org/wiki/Raley%27s_Supermarkets,Sim
Wild Oats Markets,United States,https://en.wikipedia.org/wiki/Wild_Oats_Markets,Sim
Coles,Australia,https://en.wikipedia.org/wiki/Coles_Supermarkets,Sim
Kmart Australia,Australia,https://en.wikipedia.org/wiki/Kmart_Australia,Sim
Big W,Australia,https://en.wikipedia.org/wiki/Big_W,Sim
Myer,Australia,https://en.wikipedia.org/wiki/Myer,Sim
Big Fresh,New Zealand,https://en.wikipedia.org/wiki/Big_Fresh,Sim
Franklins,Australia,https://en.wikipedia.org/wiki/Franklins,Sim
Countdown,New Zealand,https://en.wikipedia.org/wiki/Countdown_(supermarket),Sim
Foodtown,New Zealand,https://en.wikipedia.org/wiki/Foodtown,Sim
New World,New Zealand,https://en.wikipedia.org/wiki/New_World_(supermarket),Sim
Pak'nSave,New Zealand,https://en.wikipedia.org/wiki/Pak%27nSave,Sim
Woolworths (New Zealand supermarket chain),New Zealand,https://en.wikipedia.org/wiki/Woolworths_(New_Zealand_supermarket_chain),Sim
C1000,Netherlands,https://en.wikipedia.org/wiki/C1000,Sim
Jumbo,Netherlands,https://en.wikipedia.org/wiki/Jumbo_(supermarket),Sim
Jumbo Chile,Chile,https://en.wikipedia.org/wiki/Jumbo_(hypermarket),Sim
Weingarten's,United States,https://en.wikipedia.org/wiki/Weingarten%27s,Sim
Gima,Romania,https://en.wikipedia.org/wiki/G%27market,Sim
Mega Image,Romania,https://en.wikipedia.org/wiki/Mega_Image,Sim
Amigo Supermarkets,Puerto Rico,https://en.wikipedia.org/wiki/Amigo_Supermarkets,Não
Zellers,Canada,https://en.wikipedia.org/wiki/Zellers,Sim
Zehrs,Canada,https://en.wikipedia.org/wiki/Zehrs_Markets,Sim
XXL,Romania,https://en.wikipedia.org/wiki/Penny_Market_XXL,Sim
Profi,Romania,https://en.wikipedia.org/wiki/Profi,Sim
Wegmans,United States,https://en.wikipedia.org/wiki/Wegmans,Sim
Esselunga,Italy,https://en.wikipedia.org/wiki/Esselunga,Sim
Standa,Italy,https://en.wikipedia.org/wiki/Standa,Sim
Supermercado La Franco Italiana,Venezuela,https://en.wikipedia.org/wiki/Supermercado_La_Franco_Italiana,Sim
Happy Harry's,United States,https://en.wikipedia.org/wiki/Happy_Harry%27s,Sim
Great Food Hall,Hong Kong,https://en.wikipedia.org/wiki/Great_Food_Hall,Sim
Taste,Hong Kong,https://en.wikipedia.org/wiki/Taste_(supermarket),Sim
Gourmet,Hong Kong,https://en.wikipedia.org/wiki/Gourmet_(supermarket),Sim
Real Atlantic Superstore,Canada,https://en.wikipedia.org/wiki/Real_Atlantic_Superstore,Sim
Hannaford,United States,https://en.wikipedia.org/wiki/Hannaford_Brothers_Company,Sim
Price Chopper,United States,https://en.wikipedia.org/wiki/Price_Chopper_(Northeastern_United_States),Sim
Price Chopper,United States,https://en.wikipedia.org/wiki/Price_Chopper_(Midwestern_United_States),Sim
Price Chopper (New Zealand),New Zealand,https://en.wikipedia.org/wiki/Price_Chopper_(New_Zealand),Sim
FreshCo,Canada,https://en.wikipedia.org/wiki/FreshCo,Sim
Shaw's and Star Market,United States,https://en.wikipedia.org/wiki/Shaw%27s_and_Star_Market,Sim
Star Market,United States,https://en.wikipedia.org/wiki/Star_Market,Sim
Alfa-Beta Vassilopoulos,Greece,https://en.wikipedia.org/wiki/Alfa-Beta_Vassilopoulos,Não
Supermercados Gigante,Mexico,https://en.wikipedia.org/wiki/Supermercados_Gigante,Sim
CTown Supermarkets,United States,https://en.wikipedia.org/wiki/CTown_Supermarkets,Sim
The Food Emporium,United States,https://en.wikipedia.org/wiki/The_Food_Emporium,Sim
Key Food,United States,https://en.wikipedia.org/wiki/Key_Food,Sim
Shop-Rite (Canada),Canada,https://en.wikipedia.org/wiki/Shop-Rite_(Canada),Sim
Shop-Rite (Isle of Man),Isle of Man,https://en.wikipedia.org/w/index.php?title=Shop-Rite_(Isle_of_Man)&action=edit&redlink=1,Não
Shoprite Holdings Ltd,South Africa,https://en.wikipedia.org/wiki/Shoprite_Holdings_Ltd,Sim
ShopRite (United States),United States,https://en.wikipedia.org/wiki/ShopRite_(United_States),Sim
Waldbaum's,United States,https://en.wikipedia.org/wiki/Waldbaum%27s,Sim
Fairway Market,United States,https://en.wikipedia.org/wiki/Fairway_Market,Sim
Fairway Markets,Canada,https://en.wikipedia.org/wiki/Fairway_Markets,Sim
Fareway,United States,https://en.wikipedia.org/wiki/Fareway,Sim
Trader Joe's,United States,https://en.wikipedia.org/wiki/Trader_Joe%27s,Sim
Kooperativa Förbundet,Sweden,https://en.wikipedia.org/wiki/Kooperativa_F%C3%B6rbundet,Sim
RIMI,Norway,https://en.wikipedia.org/wiki/Rimi_(Norway),Sim
REWE,Germany,https://en.wikipedia.org/wiki/REWE,Sim
REWE Group,Germany,https://en.wikipedia.org/wiki/REWE_Group,Sim
Metro AG,Germany,https://en.wikipedia.org/wiki/Metro_AG,Sim
PrisXtra,Sweden,https://en.wikipedia.org/wiki/PrisXtra,Sim
Your Independent Grocer,Canada,https://en.wikipedia.org/wiki/Your_Independent_Grocer,Sim
Lojas Americanas,Brazil,https://en.wikipedia.org/wiki/Lojas_Americanas,Sim
Bompreço,Brazil,https://en.wikipedia.org/wiki/Bompre%C3%A7o,Sim
Cold Storage,Singapore,https://en.wikipedia.org/wiki/Cold_Storage_(supermarket),Sim
NTUC FairPrice,Singapore,https://en.wikipedia.org/wiki/NTUC_FairPrice,Sim
Giant (hypermarket),Malaysia,https://en.wikipedia.org/wiki/Giant_(hypermarket),Sim
Save-A-Lot,United States,https://en.wikipedia.org/wiki/Save-A-Lot,Sim
Bruno's,United States,https://en.wikipedia.org/wiki/Bruno%27s,Sim
Giant Food (Landover),United States,https://en.wikipedia.org/wiki/Giant_Food_(Landover),Sim
Tops Friendly Markets,United States,https://en.wikipedia.org/wiki/Tops_Friendly_Markets,Sim
Tops Supermarket,Thailand,https://en.wikipedia.org/wiki/Tops_Supermarket,Sim
99 Ranch Market,United States,https://en.wikipedia.org/wiki/99_Ranch_Market,Sim
Quinnsworth,Ireland,https://en.wikipedia.org/wiki/Quinnsworth,Sim
Pingo Doce,Portugal,https://en.wikipedia.org/wiki/Pingo_Doce,Sim
Booths,United Kingdom,https://en.wikipedia.org/wiki/Booths,Sim
Hong Kong Supermarket,United States,https://en.wikipedia.org/wiki/Hong_Kong_Supermarket,Sim
Food Basics,Canada,https://en.wikipedia.org/wiki/Food_Basics,Sim
A&P Canada,Canada,https://en.wikipedia.org/wiki/A%26P_Canada,Sim
No Frills,Canada,https://en.wikipedia.org/wiki/No_Frills_(grocery_store),Sim
Giant Eagle,United States,https://en.wikipedia.org/wiki/Giant_Eagle,Sim
Seafood City,United States,https://en.wikipedia.org/wiki/Seafood_City,Sim
Shun Fat Supermarket,United States,https://en.wikipedia.org/wiki/Shun_Fat_Supermarket,Sim
Publix,United States,https://en.wikipedia.org/wiki/Publix,Sim
EG Group,United Kingdom,https://en.wikipedia.org/wiki/EG_Group,Sim
Shoppers Food & Pharmacy,United States,https://en.wikipedia.org/wiki/Shoppers_Food_%26_Pharmacy,Sim
Farm Fresh Food & Pharmacy,United States,https://en.wikipedia.org/wiki/Farm_Fresh_Food_%26_Pharmacy,Sim
Acme Markets,United States,https://en.wikipedia.org/wiki/Acme_Markets,Sim
Super Saver Foods,United States,https://en.wikipedia.org/wiki/Super_Saver_Foods,Sim
Hy-Vee,United States,https://en.wikipedia.org/wiki/Hy-Vee,Sim
City Market,United States,https://en.wikipedia.org/wiki/City_Market_(US_grocery_store_chain),Sim
City Market (Mexico),Mexico,https://en.wikipedia.org/wiki/City_Market_(Mexico),Sim
Dillons,United States,https://en.wikipedia.org/wiki/Dillons,Sim
Hilander Foods,United States,https://en.wikipedia.org/wiki/Hilander_Foods,Sim
JayC Food Stores,United States,https://en.wikipedia.org/wiki/JayC_Food_Stores,Sim
City Market (US grocery store chain),United States,https://en.wikipedia.org/wiki/City_Market_(US_grocery_store_chain),Sim
Owen's Market,United States,https://en.wikipedia.org/wiki/Owen%27s_Market,Sim
Carr's,United Kingdom,https://en.wikipedia.org/wiki/Carr%27s,Sim
Delhaize Group,Belgium,https://en.wikipedia.org/wiki/Delhaize_Group,Sim
Real,Germany,https://en.wikipedia.org/wiki/Mein_Real,Sim
Castorama,France,https://en.wikipedia.org/wiki/Castorama,Sim
Nomi,Poland,https://en.wikipedia.org/wiki/Nomi_(retail_chain),Sim
MediaMarkt,Germany,https://en.wikipedia.org/wiki/MediaMarkt,Sim
IKEA,Sweden,https://en.wikipedia.org/wiki/IKEA,Sim
Office Depot,United States,https://en.wikipedia.org/wiki/Office_Depot,Sim
Albert Czech Republic,Czech Republic,https://en.wikipedia.org/wiki/Albert_Czech_Republic,Sim
Biedronka,Poland,https://en.wikipedia.org/wiki/Biedronka,Sim
Scott's Food & Pharmacy,United States,https://en.wikipedia.org/wiki/Scott%27s_Food_%26_Pharmacy,Sim
Tempo Centar,Serbia,https://en.wikipedia.org/wiki/Tempo_Centar,Não
Extra,Norway,https://en.wikipedia.org/wiki/Extra_(Coop),Sim
Coop Forum,Sweden,https://en.wikipedia.org/wiki/Coop_Forum,Sim
Pressbyrån,Sweden,https://en.wikipedia.org/wiki/Pressbyr%C3%A5n,Sim
Continente,Portugal,https://en.wikipedia.org/wiki/Continente_(supermarket),Sim
Sonae,Portugal,https://en.wikipedia.org/wiki/Sonae,Sim
Ultra Food & Drug,Canada,https://en.wikipedia.org/wiki/Ultra_Food_%26_Drug,Sim
Tesco Ireland,Ireland,https://en.wikipedia.org/wiki/Tesco_Ireland,Sim
Caprabo,Spain,https://en.wikipedia.org/wiki/Caprabo,Sim
Julius Meinl,Austria,https://en.wikipedia.org/wiki/Julius_Meinl,Sim
Centra,Ireland,https://en.wikipedia.org/wiki/Centra,Sim
The Cope,Ireland,https://en.wikipedia.org/wiki/The_Cope,Sim
Fortinos,Canada,https://en.wikipedia.org/wiki/Fortinos,Sim
Les Mousquetaires,France,https://en.wikipedia.org/wiki/Les_Mousquetaires,Sim
Alcampo,Spain,https://en.wikipedia.org/wiki/Alcampo,Sim
Daiei,Japan,https://en.wikipedia.org/wiki/Daiei,Sim
Aurrerá,Mexico,https://en.wikipedia.org/wiki/Aurrer%C3%A1,Sim
Soriana,Mexico,https://en.wikipedia.org/wiki/Soriana,Sim
Comercial Mexicana,Mexico,https://en.wikipedia.org/wiki/Comercial_Mexicana,Sim
Kingfisher plc,United Kingdom,https://en.wikipedia.org/wiki/Kingfisher_plc,Sim
S Group,Finland,https://en.wikipedia.org/wiki/S_Group,Sim
Overwaitea Foods,Canada,https://en.wikipedia.org/wiki/Overwaitea_Foods,Sim
Kopeyka,Russia,https://en.wikipedia.org/wiki/Kopeyka_(supermarket),Sim
Pyaterochka,Russia,https://en.wikipedia.org/wiki/Pyaterochka,Sim
Seiyu Group,Japan,https://en.wikipedia.org/wiki/Seiyu_Group,Sim
Albert Heijn,Netherlands,https://en.wikipedia.org/wiki/Albert_Heijn,Sim
Save-On-Foods,Canada,https://en.wikipedia.org/wiki/Save-On-Foods,Sim
Nakumatt,Kenya,https://en.wikipedia.org/wiki/Nakumatt,Sim
Uchumi,Kenya,https://en.wikipedia.org/wiki/Uchumi_Supermarkets,Sim
Coin,Italy,https://en.wikipedia.org/wiki/Coin_(department_store),Sim
UPIM,Italy,https://en.wikipedia.org/wiki/UPIM,Sim
Watsons,Hong Kong,https://en.wikipedia.org/wiki/Watsons,Sim
Circle K,United States,https://en.wikipedia.org/wiki/Circle_K,Sim
Hero,Indonesia,https://en.wikipedia.org/wiki/Hero_(supermarket),Sim
Sogo,Japan,https://en.wikipedia.org/wiki/Sogo,Sim
Yaohan,Japan,https://en.wikipedia.org/wiki/Yaohan,Sim
Meidi-Ya,Japan,https://en.wikipedia.org/wiki/Meidi-Ya,Sim
UNY,Japan,https://en.wikipedia.org/wiki/UNY,Sim
Flemings,Australia,https://en.wikipedia.org/wiki/Flemings_(supermarkets),Sim
Food For Less,Australia,https://en.wikipedia.org/wiki/Food_For_Less,Sim
Lotus's,Thailand,https://en.wikipedia.org/wiki/Lotus%27s,Sim
Krónan,Iceland,https://en.wikipedia.org/wiki/Kr%C3%B3nan,Não
Action Supermarkets,Australia,https://en.wikipedia.org/wiki/Action_(supermarkets),Sim
Compre Bem,Brazil,https://en.wikipedia.org/wiki/Compre_Bem,Sim
Extra Hipermercados,Brazil,https://en.wikipedia.org/wiki/Extra_(retail_chain),Sim
Sendas,Brazil,https://en.wikipedia.org/wiki/Sendas_(supermarket),Sim
Hagkaup,Iceland,https://en.wikipedia.org/wiki/Hagkaup,Não
Irma,Denmark,https://en.wikipedia.org/wiki/Irma_(supermarket),Sim
Fantastico,Bulgaria,https://en.wikipedia.org/wiki/Fantastico_(supermarket_chain),Sim
Casa Ley,Mexico,https://en.wikipedia.org/wiki/Casa_Ley,Sim
Calimax,Mexico,https://en.wikipedia.org/wiki/Calimax,Sim
Carulla,Colombia,https://en.wikipedia.org/wiki/Carulla,Sim
Salling Group,Denmark,https://en.wikipedia.org/wiki/Salling_Group,Sim
føtex,Denmark,https://en.wikipedia.org/wiki/F%C3%B8tex,Sim
Thrifty Foods,Canada,https://en.wikipedia.org/wiki/Thrifty_Foods,Sim
Minipreço,Portugal,https://en.wikipedia.org/wiki/Minipre%C3%A7o,Sim
Piccadilly,Bulgaria,https://en.wikipedia.org/wiki/Piccadilly_(supermarket_chain),Sim
Miracle Mart,Canada,https://en.wikipedia.org/wiki/Miracle_Mart,Sim
Masoutis,Greece,https://en.wikipedia.org/wiki/Masoutis,Não
Farm Boy,Canada,https://en.wikipedia.org/wiki/Farm_Boy,Sim
Supermercados Peruanos,Peru,https://en.wikipedia.org/wiki/Supermercados_Peruanos,Sim
Wong,Peru,https://en.wikipedia.org/wiki/Wong_(supermarket),Sim
China Resources,Mainland China,https://en.wikipedia.org/wiki/China_Resources,Não
Safeway (Australia),Australia,https://en.wikipedia.org/wiki/Safeway_(Australia),Sim
Roelf Vos,Australia,https://en.wikipedia.org/wiki/Roelf_Vos,Sim
Robinsons Supermarket,Philippines,https://en.wikipedia.org/wiki/Robinsons_Supermarket,Sim
SM Retail,Philippines,https://en.wikipedia.org/wiki/SM_Retail,Sim
citysuper,Hong Kong,https://en.wikipedia.org/wiki/Citysuper,Sim
Kansai Super,Japan,https://en.wikipedia.org/wiki/Kansai_Super,Sim
Extra Foods,Canada,https://en.wikipedia.org/wiki/Extra_Foods,Sim
Globus Department Store,Switzerland,https://en.wikipedia.org/wiki/Globus_(department_store),Sim
Globus,Germany,https://en.wikipedia.org/wiki/Globus_(hypermarket),Sim
Allied Stores,United States,https://en.wikipedia.org/wiki/Allied_Stores,Sim
T&T Supermarket,Canada,https://en.wikipedia.org/wiki/T%26T_Supermarket,Sim
Match,Belgium,https://en.wikipedia.org/wiki/Match_(supermarket),Sim
C-market,Serbia,https://en.wikipedia.org/wiki/C-market,Não
Tegut,Germany,https://en.wikipedia.org/wiki/Tegut,Sim
Comet,United Kingdom,https://en.wikipedia.org/wiki/Comet_Group,Sim
